subdomain,ip,source
ventures.indrive.com,13.200.123.229,alienvault
lp-food.indrive.com,213.130.74.49,anubis
promo.indrive.com,77.220.207.191,anubis
groupbuy.indrive.com,77.220.207.191,anubis
rideshare.indrive.com,185.104.211.6,alienvault
supernovas.indrive.com,13.234.100.116,anubis
couriers.indrive.com,108.157.14.17,anubis
updrive.indrive.com,52.197.0.54,anubis
ref.indrive.com,34.249.200.254,anubis
id.indrive.com,167.172.86.54,anubis
sparklab.indrive.com,63.35.51.142,anubis
www.lp-food.indrive.com,213.130.74.49,dnsdumpster
dxy.indrive.com,13.200.123.229,anubis
www.intercity.indrive.com,13.35.166.56,alienvault
sharetrip.indrive.com,65.9.17.38,anubis
internal.dev.delivery.indrive.com,52.29.57.107,anubis
ventures3.indrive.com,13.200.123.229,alienvault
wa-auth.indrive.com,185.104.210.222,anubis
sharetrip2.indrive.com,65.9.17.38,anubis
internal2.dev.delivery.indrive.com,52.29.57.107,anubis
