Domain,IP,Status
m.cafef.vn,14.225.10.17,digitorus
online.cafef.vn,123.30.151.78,alienvault
charthistory.cafef.vn,123.30.151.75,dnsdumpster
msh-pcdata.cafef.vn,123.30.151.78,dnsdumpster
www.cafef.vn,123.30.53.25,alienvault
liveboard.cafef.vn,123.30.151.80,alienvault
banggia.cafef.vn,123.30.151.78,rapiddns
realtime.cafef.vn,123.30.151.78,dnsdumpster
hoithaobds.cafef.vn,222.255.27.192,dnsdumpster
msh-appdata.cafef.vn,123.30.151.78,waybackarchive
s.cafef.vn,123.30.151.75,alienvault
online1.cafef.vn,123.30.151.78,rapiddns
e.cafef.vn,123.30.151.78,alienvault
ms.cafef.vn,222.255.27.34,alienvault
event.cafef.vn,222.255.27.192,dnsdumpster
ul.cafef.vn,151.101.65.195,leakix
images1.cafef.vn,222.255.27.184,alienvault
reporting.cafef.vn,123.30.151.78,alienvault
bientap.cafef.vn,222.255.27.156,alienvault
chart-m.cafef.vn,123.30.151.78,dnsdumpster
msh-iframe.cafef.vn,123.30.151.78,waybackarchive
cafef.vn,14.225.10.17,digitorus
service.cafef.vn,123.30.242.114,rapiddns
mail.cafef.vn,123.30.234.91,dnsdumpster
ta.cafef.vn,222.255.27.144,dnsdumpster
